airfoil,pareto_rank,pareto_front,reynolds,best_ld,best_ld_alpha_deg,cl_objective,cl_max,cd_min
UIUC NACA6412,1,True,100000.0,32.740699979551366,12.0,0.5047166282188799,0.5873386333302402,0.017939098238494298
UIUC NACA6412,1,True,250000.0,39.892727213825495,12.0,0.5047166282188799,0.5873386333302402,0.014722950130285605
UIUC NACA6412,1,True,500000.0,45.88809053732008,12.0,0.5047166282188799,0.5873386333302402,0.01279936965022693
UIUC NACA6412,1,True,1000000.0,52.4053438602222,12.0,0.5047166282188799,0.5873386333302402,0.011207609569299176
UIUC NACA6412,1,True,2000000.0,59.460306068198705,12.0,0.5047166282188799,0.5873386333302402,0.009877827279539819
UIUC NACA4424,2,False,100000.0,13.806977806493835,12.0,0.2897350438828626,0.33195048075298794,0.024042225996543695
UIUC NACA4424,2,False,250000.0,16.8230367593182,12.0,0.2897350438828626,0.33195048075298794,0.019731900102347582
UIUC NACA4424,2,False,500000.0,19.351322605407532,12.0,0.2897350438828626,0.33195048075298794,0.01715389110717568
UIUC NACA4424,2,False,1000000.0,22.099693044793625,12.0,0.2897350438828626,0.33195048075298794,0.015020592371132086
UIUC NACA4424,2,False,2000000.0,25.0748190100913,12.0,0.2897350438828626,0.33195048075298794,0.013238399871177347
UIUC NACA2424,3,False,100000.0,13.601084828029393,12.0,0.2814777946497249,0.32684578970065686,0.02403086179031002
UIUC NACA2424,3,False,250000.0,16.5721675833307,12.0,0.2814777946497249,0.32684578970065686,0.01972257328784307
UIUC NACA2424,3,False,500000.0,19.062751021944877,12.0,0.2814777946497249,0.32684578970065686,0.017145782858119206
UIUC NACA2424,3,False,1000000.0,21.770137099393146,12.0,0.2814777946497249,0.32684578970065686,0.015013492483231437
UIUC NACA2424,3,False,2000000.0,24.70089726973648,12.0,0.2814777946497249,0.32684578970065686,0.013232142384605116
UIUC NACA0024,4,False,100000.0,11.149757125705863,12.0,0.22839104642182484,0.2680043906477152,0.0240367917996912
UIUC NACA0024,4,False,250000.0,13.58536072209797,12.0,0.22839104642182484,0.2680043906477152,0.019727440156357336
UIUC NACA0024,4,False,500000.0,15.62706554145368,12.0,0.22839104642182484,0.2680043906477152,0.01715001386132182
UIUC NACA0024,4,False,1000000.0,17.846498593356742,12.0,0.22839104642182484,0.2680043906477152,0.015017197308803102
UIUC NACA0024,4,False,2000000.0,20.249046956681298,12.0,0.22839104642182484,0.2680043906477152,0.013235407632816294
UIUC NACA4421,5,False,100000.0,11.123736105573624,12.0,0.21393626969944976,0.24484633146226448,0.02201115966240718
UIUC NACA4421,5,False,250000.0,13.553655552122708,12.0,0.21393626969944976,0.24484633146226448,0.01806496634953349
UIUC NACA4421,5,False,500000.0,15.59059549260172,12.0,0.21393626969944976,0.24484633146226448,0.015704745311264895
UIUC NACA4421,5,False,1000000.0,17.80484888799078,12.0,0.21393626969944976,0.24484633146226448,0.013751665796355693
UIUC NACA4421,5,False,2000000.0,20.201790244936102,12.0,0.21393626969944976,0.24484633146226448,0.012120031368192187
UIUC NACA2421,6,False,100000.0,10.840843776311429,12.0,0.20606943154484908,0.23842277399083495,0.021993008930893173
UIUC NACA2421,6,False,250000.0,13.20896693736527,12.0,0.20606943154484908,0.23842277399083495,0.018050069708054853
UIUC NACA2421,6,False,500000.0,15.194104616548229,12.0,0.20606943154484908,0.23842277399083495,0.01569179494336004
UIUC NACA2421,6,False,1000000.0,17.352046418902958,12.0,0.20606943154484908,0.23842277399083495,0.01374032596703419
UIUC NACA2421,6,False,2000000.0,19.688030169776397,12.0,0.20606943154484908,0.23842277399083495,0.012110037009027134
UIUC NACA0021,7,False,100000.0,10.54130484966215,12.0,0.19822888507266564,0.23188599146799532,0.021997845122127102
UIUC NACA0021,7,False,250000.0,12.843995366867238,12.0,0.19822888507266564,0.23188599146799532,0.01805403885975975
UIUC NACA0021,7,False,500000.0,14.774282517627968,12.0,0.19822888507266564,0.23188599146799532,0.015695245518103505
UIUC NACA0021,7,False,1000000.0,16.872599111411628,12.0,0.19822888507266564,0.23188599146799532,0.013743347420087837
UIUC NACA0021,7,False,2000000.0,19.144038249352285,12.0,0.19822888507266564,0.23188599146799532,0.012112699966833847
UIUC NACA4415,8,False,100000.0,10.193565023663142,12.0,0.16321585251861706,0.19406225130557336,0.019037721430636
UIUC NACA4415,8,False,250000.0,12.420293673603936,12.0,0.16321585251861706,0.19406225130557336,0.015624610528976587
UIUC NACA4415,8,False,500000.0,14.286903914579142,12.0,0.16321585251861706,0.19406225130557336,0.013583226461510781
UIUC NACA4415,8,False,1000000.0,16.316000591320314,12.0,0.16321585251861706,0.19406225130557336,0.011893984081418176
UIUC NACA4415,8,False,2000000.0,18.512508792165445,12.0,0.16321585251861706,0.19406225130557336,0.010482763491661442
UIUC NACA4418,8,False,100000.0,10.161367582040082,12.0,0.1810684476822627,0.20704228753539003,0.02037543528110637
UIUC NACA4418,8,False,250000.0,12.381062876569848,12.0,0.1810684476822627,0.20704228753539003,0.016722497058568427
UIUC NACA4418,8,False,500000.0,14.24177723380592,12.0,0.1810684476822627,0.20704228753539003,0.014537672099232858
UIUC NACA4418,8,False,1000000.0,16.264464796400546,12.0,0.1810684476822627,0.20704228753539003,0.012729732587401838
UIUC NACA4418,8,False,2000000.0,18.45403509628491,12.0,0.1810684476822627,0.20704228753539003,0.011219350481081015
UIUC NACA2418,9,False,100000.0,9.8714004518984,12.0,0.17419093646826192,0.20103795441289551,0.020365697389394557
UIUC NACA2418,9,False,250000.0,12.027754009290206,12.0,0.17419093646826192,0.20103795441289551,0.01671450499050898
UIUC NACA2418,9,False,500000.0,13.835370592252783,12.0,0.17419093646826192,0.20103795441289551,0.014530724209546523
UIUC NACA2418,9,False,1000000.0,15.80033827580913,12.0,0.17419093646826192,0.20103795441289551,0.01272364875381761
UIUC NACA2418,9,False,2000000.0,17.92742649235433,12.0,0.17419093646826192,0.20103795441289551,0.011213988494033652
UIUC NACA0018,10,False,100000.0,9.541272009398831,12.0,0.16687681863341228,0.1943425186232631,0.02036861735330697
UIUC NACA0018,10,False,250000.0,11.625510810140959,12.0,0.16687681863341228,0.1943425186232631,0.016716901458965372
UIUC NACA0018,10,False,500000.0,13.372675418727898,12.0,0.16687681863341228,0.1943425186232631,0.01453280757499686
UIUC NACA0018,10,False,1000000.0,15.271928847848374,12.0,0.16687681863341228,0.1943425186232631,0.012725473026980712
UIUC NACA0018,10,False,2000000.0,17.327881026157762,12.0,0.16687681863341228,0.1943425186232631,0.011215596317281277
UIUC NACA2415,11,False,100000.0,8.558531454571778,12.0,0.14174958810639215,0.1629566572817262,0.01904025920179079
UIUC NACA2415,11,False,250000.0,10.428095944235078,12.0,0.14174958810639215,0.1629566572817262,0.015626693324759144
UIUC NACA2415,11,False,500000.0,11.995304513928508,12.0,0.14174958810639215,0.1629566572817262,0.013585037136198326
UIUC NACA2415,11,False,1000000.0,13.698936922408084,12.0,0.14174958810639215,0.1629566572817262,0.011895569576290937
UIUC NACA2415,11,False,2000000.0,15.543128280732532,12.0,0.14174958810639215,0.1629566572817262,0.010484160867650397
UIUC NACA0015,12,False,100000.0,8.19083216553809,12.0,0.1348753691047117,0.1559687453189725,0.019041868050378524
UIUC NACA0015,12,False,250000.0,9.980074752162217,12.0,0.1348753691047117,0.1559687453189725,0.01562801373658863
UIUC NACA0015,12,False,500000.0,11.479951504486916,12.0,0.1348753691047117,0.1559687453189725,0.01358618503379674
UIUC NACA0015,12,False,1000000.0,13.110390932523794,12.0,0.1348753691047117,0.1559687453189725,0.011896574718611233
UIUC NACA0015,12,False,2000000.0,14.875350490988962,12.0,0.1348753691047117,0.1559687453189725,0.010485046749886913
UIUC NACA4412,13,False,100000.0,7.405203230664874,12.0,0.11644630948426142,0.1327885876989157,0.01793179519355248
UIUC NACA4412,13,False,250000.0,9.022829463889217,12.0,0.11644630948426142,0.1327885876989157,0.014716956386060106
UIUC NACA4412,13,False,500000.0,10.378844572908893,12.0,0.11644630948426142,0.1327885876989157,0.012794158999694785
UIUC NACA4412,13,False,1000000.0,11.852899354631903,12.0,0.11644630948426142,0.1327885876989157,0.01120304692767211
UIUC NACA4412,13,False,2000000.0,13.448571681960138,12.0,0.11644630948426142,0.1327885876989157,0.00987380599510339
UIUC NACA2412,14,False,100000.0,6.9808080300502855,12.0,0.1095973630608641,0.12513014870320124,0.01792488035261154
UIUC NACA2412,14,False,250000.0,8.505727447757963,12.0,0.1095973630608641,0.12513014870320124,0.014711281248047102
UIUC NACA2412,14,False,500000.0,9.784028780895602,12.0,0.1095973630608641,0.12513014870320124,0.012789225328888208
UIUC NACA2412,14,False,1000000.0,11.173604885218417,12.0,0.1095973630608641,0.12513014870320124,0.011198726819912538
UIUC NACA2412,14,False,2000000.0,12.677828584281142,12.0,0.1095973630608641,0.12513014870320124,0.00986999846790375
UIUC NACA1412,15,False,100000.0,6.5573441581882035,12.0,0.10328185542775212,0.1175469455822657,0.01792599911588962
UIUC NACA1412,15,False,250000.0,7.989760204062647,12.0,0.10328185542775212,0.1175469455822657,0.014712199437787284
UIUC NACA1412,15,False,500000.0,9.190518303006375,12.0,0.10328185542775212,0.1175469455822657,0.012790023555452154
UIUC NACA1412,15,False,1000000.0,10.495801117089647,12.0,0.10328185542775212,0.1175469455822657,0.011199425777120669
UIUC NACA1412,15,False,2000000.0,11.908776870497688,12.0,0.10328185542775212,0.1175469455822657,0.009870614493875659
UIUC NACA0010,16,False,100000.0,5.443078880812284,12.0,0.08351176118419215,0.09395566785397791,0.01726149297324838
UIUC NACA0010,16,False,250000.0,6.632089757738724,12.0,0.08351176118419215,0.09395566785397791,0.014166826940836371
UIUC NACA0010,16,False,500000.0,7.628807467173509,12.0,0.08351176118419215,0.09395566785397791,0.012315904977057798
UIUC NACA0010,16,False,1000000.0,8.712288392900446,12.0,0.08351176118419215,0.09395566785397791,0.010784269713860874
UIUC NACA0010,16,False,2000000.0,9.88516239446881,12.0,0.08351176118419215,0.09395566785397791,0.009504716675828239
UIUC NACA1410,17,False,100000.0,5.3617544811382,12.0,0.08242591574051741,0.09255135635808522,0.017261393949250414
UIUC NACA1410,17,False,250000.0,6.533000486768566,12.0,0.08242591574051741,0.09255135635808522,0.01416674567000746
UIUC NACA1410,17,False,500000.0,7.514826354446279,12.0,0.08242591574051741,0.09255135635808522,0.012315834324411978
UIUC NACA1410,17,False,1000000.0,8.582119119433221,12.0,0.08242591574051741,0.09255135635808522,0.010784207847746289
UIUC NACA1410,17,False,2000000.0,9.737469348857271,12.0,0.08242591574051741,0.09255135635808522,0.009504662150124916
UIUC NACA2410,18,False,100000.0,5.275718599595009,12.0,0.0812523016394485,0.09106485059025612,0.017261127346186875
UIUC NACA2410,18,False,250000.0,6.42817053642703,12.0,0.0812523016394485,0.09106485059025612,0.014166526863936112
UIUC NACA2410,18,False,500000.0,7.394241812143339,12.0,0.0812523016394485,0.09106485059025612,0.01231564410575579
UIUC NACA2410,18,False,1000000.0,8.444408564698465,12.0,0.0812523016394485,0.09106485059025612,0.010784041285135035
UIUC NACA2410,18,False,2000000.0,9.581219792415274,12.0,0.0812523016394485,0.09106485059025612,0.009504515350158784
UIUC NACA2411,19,False,100000.0,5.235528425968843,12.0,0.07623120346482395,0.09208338821559939,0.01758817462605204
UIUC NACA2411,19,False,250000.0,6.3792010387025995,12.0,0.07623120346482395,0.09208338821559939,0.01443494062296041
UIUC NACA2411,19,False,500000.0,7.337912829341508,12.0,0.07623120346482395,0.09208338821559939,0.012548989114097013
UIUC NACA2411,19,False,1000000.0,8.380079461472308,12.0,0.07623120346482395,0.09208338821559939,0.010988366952718744
UIUC NACA2411,19,False,2000000.0,9.508230515269751,12.0,0.07623120346482395,0.09208338821559939,0.00968459778796044
UIUC NACA0008,20,False,100000.0,4.232082742525345,12.0,0.06433215758350509,0.0704118758686223,0.01663764159455127
UIUC NACA0008,20,False,250000.0,5.156558121828386,12.0,0.06433215758350509,0.0704118758686223,0.013654820561521376
UIUC NACA0008,20,False,500000.0,5.931522422297766,12.0,0.06433215758350509,0.0704118758686223,0.011870793171737854
UIUC NACA0008,20,False,1000000.0,6.773946540711436,12.0,0.06433215758350509,0.0704118758686223,0.010394513072320064
UIUC NACA0008,20,False,2000000.0,7.685875235827716,12.0,0.06433215758350509,0.0704118758686223,0.009161204639440056
UIUC NACA1408,21,False,100000.0,4.122295729983937,12.0,0.06259869980076439,0.06858532095422132,0.01663765179566304
UIUC NACA1408,21,False,250000.0,5.022788735539436,12.0,0.06259869980076439,0.06858532095422132,0.013654828933762714
UIUC NACA1408,21,False,500000.0,5.777649219389198,12.0,0.06259869980076439,0.06858532095422132,0.011870800450130482
UIUC NACA1408,21,False,1000000.0,6.598219505333072,12.0,0.06259869980076439,0.06858532095422132,0.010394519445554456
UIUC NACA1408,21,False,2000000.0,7.486491307808386,12.0,0.06259869980076439,0.06858532095422132,0.009161210256490521
UIUC NACA2408,22,False,100000.0,3.968295252882588,12.0,0.06028658591214868,0.0660233667812695,0.016637715334641447
UIUC NACA2408,22,False,250000.0,4.835147694644156,12.0,0.06028658591214868,0.0660233667812695,0.013654881081378942
UIUC NACA2408,22,False,500000.0,5.561808145727644,12.0,0.06028658591214868,0.0660233667812695,0.011870845784564857
UIUC NACA2408,22,False,1000000.0,6.3517236160523005,12.0,0.06028658591214868,0.0660233667812695,0.010394559142090646
UIUC NACA2408,22,False,2000000.0,7.2068114137067365,12.0,0.06028658591214868,0.0660233667812695,0.009161245243034766
UIUC NACA0006,23,False,100000.0,3.003806065835527,12.0,0.046588023105610575,0.048184351135042984,0.016041099218447784
UIUC NACA0006,23,False,250000.0,3.6599711082063746,12.0,0.046588023105610575,0.048184351135042984,0.013165227186357892
UIUC NACA0006,23,False,500000.0,4.210017647506041,12.0,0.046588023105610575,0.048184351135042984,0.011445166070405135
UIUC NACA0006,23,False,1000000.0,4.807945152909008,12.0,0.046588023105610575,0.048184351135042984,0.010021817970591746
UIUC NACA0006,23,False,2000000.0,5.455204933176254,12.0,0.046588023105610575,0.048184351135042984,0.008832729792057141
