data_status,interview_id,segment,role,team_size_band,decision_timeline_days,workflow_frequency,pain_severity_1_5,consequence_of_delay,geometry_data_ready,economic_buyer_identified,price_offer_shown_usd,price_reaction,primary_objection,study_package_reaction,pilot_eligibility_1_5,follow_up_status,synthetic_note
SYNTHETIC_DEMO_NOT_CUSTOMER_EVIDENCE,INT-01,Small UAS design team,Technical founder,2-10,30,monthly,5,Client review is delayed when analyses cannot be reproduced.,yes,yes,3500,accept,trust_accuracy,strong,5,pilot_candidate,Hand-authored illustrative record; not a customer interview.
SYNTHETIC_DEMO_NOT_CUSTOMER_EVIDENCE,INT-02,Rotor startup,Lead engineer,11-25,45,weekly,5,Shortlist decisions are reworked before management reviews.,yes,yes,5000,conditional_accept,scope_mismatch,strong,5,pilot_candidate,Hand-authored illustrative record; not a customer interview.
SYNTHETIC_DEMO_NOT_CUSTOMER_EVIDENCE,INT-03,Aero design consultancy,Principal consultant,2-10,21,weekly,4,Manual report assembly consumes billable review time.,yes,yes,3500,accept,none,strong,5,pilot_candidate,Hand-authored illustrative record; not a customer interview.
SYNTHETIC_DEMO_NOT_CUSTOMER_EVIDENCE,INT-04,Applied research laboratory,Research lead,11-25,60,monthly,3,Metadata is inconsistent across student studies.,partial,unknown,1500,consider,budget,moderate,4,follow_up,Hand-authored illustrative record; not a customer interview.
SYNTHETIC_DEMO_NOT_CUSTOMER_EVIDENCE,INT-05,Small UAS design team,Aero engineer,2-10,90,quarterly,3,Analyses are delayed while geometry inputs are cleaned.,partial,no,1500,not_discussed,timing,moderate,3,nurture,Hand-authored illustrative record; not a customer interview.
SYNTHETIC_DEMO_NOT_CUSTOMER_EVIDENCE,INT-06,Aero design consultancy,Project manager,2-10,35,monthly,4,Client-facing handoff lacks condition and solver provenance.,yes,yes,3500,conditional_accept,security_privacy,strong,5,pilot_candidate,Hand-authored illustrative record; not a customer interview.
SYNTHETIC_DEMO_NOT_CUSTOMER_EVIDENCE,INT-07,UAS manufacturer,Systems engineer,26-50,50,monthly,4,Aero assumptions are difficult to explain to adjacent teams.,yes,unknown,3500,too_high,budget,moderate,4,follow_up,Hand-authored illustrative record; not a customer interview.
SYNTHETIC_DEMO_NOT_CUSTOMER_EVIDENCE,INT-08,Applied research laboratory,Graduate researcher,2-10,120,semesterly,2,No immediate decision consequence beyond documentation quality.,partial,no,1500,not_discussed,no_current_project,weak,2,disqualified,Hand-authored illustrative record; not a customer interview.
SYNTHETIC_DEMO_NOT_CUSTOMER_EVIDENCE,INT-09,Early-stage drone venture,Founder,2-10,75,monthly,3,Concept comparisons are not retained for later review.,partial,yes,1500,no_budget,budget,moderate,3,nurture,Hand-authored illustrative record; not a customer interview.
SYNTHETIC_DEMO_NOT_CUSTOMER_EVIDENCE,INT-10,Rotor technology team,Engineering director,11-25,28,weekly,5,Repeated review cycles delay a near-term design selection.,yes,yes,5000,accept,none,strong,5,pilot_candidate,Hand-authored illustrative record; not a customer interview.
